timestamp,avg_dwell,avg_flight,typing_speed,error_rate,dwell_var,flight_var,grip,grip_asym
2026-09-28 20:31:41,66.803,177.796,2.533,0.0,29.807,217.44,0.75,0.05
2026-09-28 20:32:11,74.652,147.554,1.8,0.0,24.558,104.817,0.75,0.05
2026-09-28 20:32:26,69.491,165.098,1.733,3.846,21.674,159.955,0.75,0.05
2026-09-28 20:32:41,70.593,153.951,2.133,3.125,22.588,126.498,0.75,0.05
2026-09-28 20:32:56,77.602,281.391,3.267,0.0,50.949,389.91,0.75,0.05
2026-09-28 20:33:11,75.93,124.941,1.533,0.0,22.834,79.997,0.75,0.05
2026-09-28 20:33:26,91.532,351.206,2.733,4.878,69.739,376.474,0.75,0.05
2026-09-28 20:34:41,114.99,408.2,1.333,0.0,128.276,672.667,0.75,0.05
2026-09-28 20:35:41,64.77,152.549,2.2,0.0,20.526,130.969,0.75,0.05
2026-09-28 20:36:11,67.684,160.28,1.6,0.0,23.161,76.069,0.75,0.05
2026-09-28 20:36:26,67.406,217.544,3.467,7.692,20.616,219.731,0.75,0.05
2026-09-28 20:36:41,62.53,197.953,1.333,0.0,16.781,145.301,0.75,0.05
2026-09-28 20:36:56,73.963,130.422,2.933,2.273,21.765,112.895,0.75,0.05
2026-09-28 20:37:11,98.992,140.768,2.333,0.0,84.202,143.931,0.75,0.05
2026-09-28 20:38:11,70.404,165.241,3.333,0.0,20.11,125.398,0.75,0.05
2026-09-28 20:38:26,81.907,194.52,1.933,3.448,70.542,162.145,0.75,0.05
2026-09-28 20:38:56,94.243,153.699,2.133,0.0,69.788,134.706,0.75,0.05
2026-09-28 20:39:26,71.973,170.407,3.467,0.0,21.007,153.701,0.75,0.05
2026-09-28 20:39:41,68.454,196.432,2.467,0.0,16.802,264.678,0.75,0.05
2026-09-28 20:40:11,69.227,193.121,1.467,0.0,18.949,164.828,0.75,0.05
2026-09-28 20:40:26,79.883,180.052,1.667,0.0,25.866,193.264,0.75,0.05
2026-09-28 20:40:56,63.277,134.569,1.933,0.0,13.687,104.363,0.75,0.05
2026-09-28 20:41:11,69.815,166.428,1.8,0.0,21.711,201.13,0.75,0.05
2026-09-28 20:42:11,64.401,149.393,3.667,0.0,24.785,145.205,0.75,0.05
2026-09-28 20:42:42,65.993,171.955,4.4,0.0,21.303,179.35,0.75,0.05
2026-09-28 20:43:12,67.571,252.273,2.067,9.677,23.26,216.775,0.75,0.05
2026-09-28 20:43:27,68.32,146.758,3.6,0.0,20.895,129.362,0.75,0.05
2026-09-28 20:43:42,69.516,160.852,1.733,0.0,27.471,146.386,0.75,0.05
2026-09-28 20:43:57,67.641,176.992,4.133,0.0,21.848,183.518,0.75,0.05
2026-09-28 20:44:12,65.0,234.707,1.0,6.667,18.023,177.731,0.75,0.05
2026-09-28 20:44:27,65.57,222.626,1.467,0.0,13.125,365.397,0.75,0.05
2026-09-28 20:44:57,61.854,146.052,2.0,0.0,16.327,115.693,0.75,0.05
2026-09-28 20:45:12,82.444,217.299,2.333,0.0,86.551,314.962,0.75,0.05
2026-09-28 20:45:42,66.569,138.038,2.266,0.0,16.693,90.339,0.75,0.05
2026-09-28 20:45:57,67.012,151.102,2.6,0.0,22.03,110.701,0.75,0.05
2026-09-28 20:46:27,68.281,215.084,3.2,0.0,26.044,293.887,0.75,0.05
2026-09-28 20:46:57,71.198,211.416,1.067,12.5,19.999,213.124,0.75,0.05
2026-09-28 20:47:12,71.155,168.898,1.333,0.0,24.507,140.705,0.75,0.05
2026-09-28 20:47:27,65.397,110.823,1.533,0.0,15.697,66.623,0.75,0.05
2026-09-28 20:48:27,74.146,147.942,2.333,0.0,27.563,107.347,0.75,0.05
2026-09-28 20:48:42,69.008,184.769,3.8,0.0,23.795,203.217,0.75,0.05
2026-09-28 20:49:27,65.223,142.829,3.933,5.085,18.239,173.885,0.75,0.05
2026-09-28 20:49:42,68.019,152.791,4.733,1.408,23.496,136.905,0.75,0.05
2026-09-28 20:50:12,66.825,165.035,3.733,1.786,23.034,127.346,0.75,0.05
2026-09-28 20:50:42,69.392,196.991,2.133,3.125,21.327,184.962,0.75,0.05
2026-09-28 22:58:32,70.415,137.242,2.267,0.0,19.115,68.65,0.75,0.05
2026-09-28 23:05:49,67.718,120.285,3.133,2.128,18.852,113.871,0.75,0.05
2026-09-28 23:06:04,183.809,401.971,1.0,6.667,171.239,384.673,0.75,0.05
2026-09-28 23:06:19,69.387,147.745,3.0,2.222,17.278,125.06,0.75,0.05
2026-09-28 23:06:49,80.574,183.521,2.133,0.0,24.655,194.896,0.75,0.05
2026-09-28 23:07:04,73.027,228.372,1.467,4.545,21.936,290.648,0.75,0.05
2026-09-28 23:07:34,67.92,153.481,2.133,6.25,16.996,162.688,0.75,0.05
2026-09-28 23:08:34,68.404,145.562,1.6,8.333,19.435,94.385,0.75,0.05
2026-09-28 23:08:49,72.396,229.467,2.667,7.5,16.165,234.077,0.75,0.05
2026-09-28 23:09:04,86.051,159.185,1.066,0.0,25.553,206.347,0.75,0.05
2026-09-28 23:09:19,74.045,175.911,3.267,2.041,17.846,161.055,0.75,0.05
2026-09-29 00:02:57,70.638,125.599,3.733,1.786,20.141,133.871,0.75,0.05
2026-09-29 00:03:12,77.549,198.489,1.4,0.0,16.425,236.987,0.75,0.05
2026-09-29 00:03:27,75.442,119.341,4.2,0.0,18.36,121.45,0.75,0.05
2026-09-29 00:03:57,66.758,207.541,1.933,0.0,22.069,289.806,0.75,0.05
2026-09-29 00:04:27,75.745,145.683,1.267,0.0,19.795,90.97,0.75,0.05
2026-09-29 00:04:42,68.845,252.483,2.533,5.263,21.772,296.371,0.75,0.05
2026-09-29 00:04:57,63.143,194.366,2.0,0.0,20.114,264.993,0.75,0.05
2026-09-29 00:05:57,75.461,147.317,3.732,5.357,23.25,152.761,0.75,0.05
2026-09-29 00:06:12,70.722,228.352,1.267,0.0,27.502,180.551,0.75,0.05
2026-09-29 00:06:27,69.103,169.283,3.8,0.0,19.826,135.779,0.75,0.05
2026-09-29 00:06:57,72.241,132.488,3.4,0.0,22.054,93.157,0.75,0.05
2026-09-29 00:07:42,67.37,164.993,3.8,0.0,20.711,156.392,0.75,0.05
2026-09-29 00:08:42,69.991,249.526,2.667,0.0,23.694,333.393,0.75,0.05
2026-09-29 00:10:12,89.005,178.898,2.467,2.703,102.437,136.857,0.75,0.05
2026-09-29 00:10:27,62.996,230.482,1.733,0.0,20.844,272.87,0.75,0.05
2026-09-29 00:10:42,61.415,189.493,2.0,0.0,19.409,200.104,0.75,0.05
2026-09-29 00:10:57,67.495,169.969,4.2,6.349,28.506,141.586,0.75,0.05
2026-09-29 00:11:12,58.113,131.177,1.533,0.0,16.237,75.233,0.75,0.05
2026-09-29 00:11:42,72.114,138.211,2.4,0.0,55.254,83.414,0.75,0.05
2026-09-29 00:15:42,61.893,248.65,2.8,4.762,18.348,354.721,0.75,0.05
2026-09-29 00:15:57,65.648,161.989,1.733,0.0,20.577,144.385,0.75,0.05
2026-09-29 00:16:42,63.244,156.466,1.067,0.0,19.048,147.462,0.75,0.05
2026-09-29 00:16:57,63.143,253.581,2.867,4.651,17.314,310.223,0.75,0.05
2026-09-29 00:17:27,60.834,141.427,3.067,0.0,14.892,98.573,0.75,0.05
2026-09-29 00:17:42,64.19,189.764,3.933,5.085,20.821,166.839,0.75,0.05
2026-09-29 00:18:57,69.38,169.539,2.333,0.0,22.657,178.564,0.75,0.05
2026-09-29 00:19:42,59.505,209.174,1.533,8.696,16.337,216.744,0.75,0.05
2026-09-29 00:20:27,61.284,178.65,1.933,0.0,20.7,177.925,0.75,0.05
2026-09-29 00:20:42,91.744,166.42,2.467,0.0,120.882,97.376,0.75,0.05
2026-09-29 00:21:42,62.026,200.921,1.0,0.0,17.597,155.39,0.75,0.05
